component_id,size,min_internal_weight
0,6,1.00000000000000000
1,6,1.00000000000000000
7,6,1.00000000000000000
18,6,1.00000000000000000
4,6,1.00000000000000000
